{"cameraMode":{"drawMode":0,"name":"Shaded","section":"Shading Mode"},"sceneLighting":true,"audioPlay":false,"sceneViewState":{"m_AlwaysRefresh":false,"showFog":true,"showSkybox":true,"showFlares":true,"showImageEffects":true,"showParticleSystems":true,"showVisualEffectGraphs":true,"m_FxEnabled":true},"in2DMode":false,"pivot":{"x":-0.5101001262664795,"y":1.3736586570739747,"z":-0.5089139938354492},"rotation":{"x":-0.09589093178510666,"y":-0.30199676752090456,"z":0.030547086149454118,"w":-0.9479830265045166},"size":1.5571482181549073,"orthographic":false}