{"cameraMode":{"drawMode":0,"name":"Shaded","section":"Shading Mode"},"sceneLighting":true,"audioPlay":false,"sceneViewState":{"m_AlwaysRefresh":false,"showFog":true,"showSkybox":true,"showFlares":true,"showImageEffects":true,"showParticleSystems":true,"showVisualEffectGraphs":true,"m_FxEnabled":true},"in2DMode":false,"pivot":{"x":-4.254281997680664,"y":-7.4028754234313969,"z":-16.097389221191408},"rotation":{"x":0.020777251571416856,"y":-0.9679662585258484,"z":0.23865096271038056,"w":0.07991450279951096},"size":10.313498497009278,"orthographic":false}